1;Katee;12/09/2015;F;Ferret
2;Carmelina;5/06/2001;F;Bird
3;Law;9/30/2007;M;Hamster
4;Lani;9/29/2001;F;Hamster
5;Ardys;8/28/2005;F;Cat
6;Giffie;5/13/2002;M;Dog
7;Cam;1/11/2005;M;Dog
8;Quint;2/15/2003;M;Dog
9;Issi;2/04/2007;F;Hamster
10;Armando;3/15/2004;M;Cat
11;Scottie;3/07/2009;M;Bird
12;Jacquie;3/17/2010;F;Cat
13;Georgy;8/25/2019;M;Dog
14;Gael;1/03/2013;M;Ferret
15;Royal;10/16/2005;M;Cat
16;Lennard;6/08/2019;M;Dog
17;Enrico;5/23/2013;M;Bird
18;Rafe;11/04/2017;M;Dog
19;Jinny;3/02/2019;F;Bird
20;Tabitha;2/17/2010;F;Hamster
21;Elvina;10/22/2015;F;Dog
22;Jodie;1/24/2014;M;Hamster
23;Anatollo;6/23/2016;M;Cat
24;Sander;12/17/2005;M;Cat
25;Carlie;9/20/2015;F;Ferret
26;Maighdiln;6/18/2004;F;Dog
27;Brent;6/06/2009;M;Bird
28;Edith;3/01/2017;F;Cat
29;Adolph;10/17/2006;M;Hamster
30;Fernande;9/18/2001;F;Dog
31;Andrej;7/09/2010;M;Cat
32;Merv;12/21/2014;M;Hamster
33;Patricia;2/09/2001;F;Hamster
34;Allayne;10/05/2003;M;Dog
35;Dorena;7/17/2014;F;Bird
36;Daile;7/12/2012;F;Hamster
37;Erna;6/03/2003;F;Ferret
38;Norene;7/13/2018;F;Ferret
39;Klarika;4/30/2009;F;Dog
40;Kial;8/30/2014;F;Bird
41;Marris;10/29/2014;F;Ferret
42;Andy;12/02/2004;F;Dog
43;Horton;10/23/2004;M;Hamster
44;Kelly;9/18/2006;F;Hamster
45;Morten;4/13/2003;M;Ferret
46;Spike;10/04/2013;M;Bird
47;Shalne;9/28/2008;F;Cat
48;Bryanty;5/04/2016;M;Hamster
49;Cortie;10/11/2015;M;Hamster
50;Lucas;10/03/2015;M;Ferret
51;Lina;8/23/2003;F;Cat
52;Harlen;11/30/2008;M;Cat
53;Floyd;4/13/2009;M;Hamster
54;Derward;8/11/2015;M;Cat
55;Raphael;2/03/2015;M;Hamster
56;Dacia;7/18/2003;F;Ferret
57;Emmeline;11/09/2016;F;Hamster
58;Dur;2/08/2007;M;Cat
59;Bessie;6/21/2019;F;Hamster
60;Brier;2/22/2001;F;Bird
61;Rayner;12/02/2007;M;Ferret
62;Jacynth;8/18/2008;F;Hamster
63;Kameko;10/10/2017;F;Ferret
64;Alexei;9/26/2015;M;Dog
65;Debora;11/20/2001;F;Bird
66;Emma;4/15/2003;F;Bird
67;Bibbie;10/23/2003;F;Hamster
68;Roxanna;8/15/2007;F;Ferret
69;Wallache;12/04/2000;M;Cat
70;Emlynne;5/26/2009;F;Cat
71;Elysee;6/28/2002;F;Dog
72;Marin;1/25/2010;F;Bird
73;Essie;3/16/2018;F;Dog
74;Alyce;8/06/2014;F;Ferret
75;Max;11/22/2010;M;Ferret
76;Olly;5/08/2005;F;Cat
77;Yanaton;4/27/2005;M;Bird
78;Gilburt;8/23/2016;M;Bird
79;Elfrieda;12/18/2009;F;Ferret
80;Morgen;7/04/2001;M;Hamster
81;Cordy;11/18/2018;M;Hamster
82;Rici;10/28/2003;F;Cat
83;Dulsea;6/15/2019;F;Dog
84;Orton;11/17/2006;M;Bird
85;Kalil;4/25/2011;M;Cat
86;Cornall;4/17/2013;M;Cat
87;Myrah;4/22/2008;F;Bird
88;Danila;3/31/2017;F;Hamster
89;Alfred;9/08/2018;M;Dog
90;Cathi;7/26/2016;F;Dog
91;Julie;11/06/2005;M;Hamster
92;Thebault;9/12/2017;M;Dog
93;Harriette;3/24/2011;F;Ferret
94;Kissiah;12/16/2018;F;Dog
95;Colene;10/15/2009;F;Hamster
96;Susi;1/28/2013;F;Hamster
97;Bear;6/26/2003;M;Dog
98;Rickey;8/30/2003;M;Ferret
99;Ernesto;11/14/2004;M;Dog
100;Marlena;12/02/2015;F;Cat
101;Emlen;8/11/2010;M;Dog
102;Cristin;11/21/2006;F;Dog
103;Dalila;12/13/2004;F;Hamster
104;Rickert;2/23/2009;M;Ferret
105;Kate;5/19/2018;F;Cat
106;Fredelia;10/09/2002;F;Dog
107;Ansell;9/09/2012;M;Ferret
108;Ingelbert;2/05/2002;M;Ferret
109;Kathe;6/14/2018;F;Hamster
110;Sam;7/10/2004;F;Cat
111;Peta;6/01/2014;F;Hamster
112;Jinny;5/16/2011;F;Bird
113;Ronica;5/23/2018;F;Cat
114;Derick;1/11/2013;M;Hamster
115;Elinor;10/05/2000;F;Hamster
116;Dare;10/05/2015;M;Bird
117;Kalvin;3/18/2008;M;Hamster
118;Noby;2/21/2003;M;Cat
119;Glenn;11/20/2007;F;Cat
120;Dudley;11/22/2007;M;Ferret
121;Noel;2/05/2005;F;Ferret
122;Leora;7/03/2002;F;Cat
123;Devin;11/14/2011;M;Cat
124;Melodee;6/16/2013;F;Bird
125;Henryetta;12/12/2010;F;Cat
126;Nomi;5/26/2003;F;Dog
127;Lucais;10/17/2002;M;Bird
128;Honoria;10/06/2017;F;Bird
129;Tedra;1/16/2012;F;Bird
130;Beale;5/20/2013;M;Hamster
131;Greggory;10/13/2017;M;Ferret
132;Olive;6/16/2019;F;Hamster
133;Bud;8/05/2013;M;Cat
134;Phineas;9/21/2002;M;Dog
135;Westbrooke;1/10/2016;M;Hamster
136;Marrissa;10/19/2011;F;Ferret
137;Golda;7/08/2017;F;Ferret
138;Ariela;5/31/2010;F;Cat
139;Roselle;7/20/2005;F;Cat
140;Mikael;7/04/2006;M;Ferret
141;Sandra;11/01/2008;F;Bird
142;Bernie;1/04/2016;M;Dog
143;Abbi;9/09/2002;F;Cat
144;Othilia;12/12/2017;F;Hamster
145;Troy;7/11/2018;M;Ferret
146;Adrianna;5/14/2001;F;Bird
147;Kendricks;5/23/2004;M;Ferret
148;Brigit;1/02/2006;F;Cat
149;Dee dee;6/21/2009;F;Bird
150;Sherrie;7/20/2010;F;Ferret
151;Thorndike;10/04/2016;M;Ferret
152;Wit;4/03/2018;M;Ferret
153;Kellby;10/25/2002;M;Dog
154;Putnam;5/18/2015;M;Hamster
155;Cirilo;5/22/2013;M;Bird
156;Langston;11/02/2017;M;Hamster
157;Kit;12/19/2010;F;Hamster
158;Andras;10/14/2006;M;Bird
159;Lian;10/12/2006;F;Dog
160;Poppy;12/19/2014;F;Ferret
161;Delmer;9/28/2008;M;Dog
162;Jeffry;7/18/2003;M;Ferret
163;Norrie;11/06/2006;M;Hamster
164;Lorinda;8/22/2012;F;Hamster
165;Tally;5/01/2013;F;Ferret
166;Bernie;2/09/2014;M;Ferret
167;Alis;1/31/2002;F;Ferret
168;Sarine;1/02/2015;F;Cat
169;Stanislaus;5/05/2013;M;Bird
170;Sergent;5/06/2005;M;Dog
171;Jinny;7/30/2013;F;Bird
172;Darby;7/02/2017;M;Cat
173;Linnell;5/15/2004;F;Cat
174;Merissa;3/31/2007;F;Bird
175;Maria;5/01/2004;F;Hamster
176;Krysta;9/22/2010;F;Ferret
177;Brnaby;1/12/2010;M;Ferret
178;D'arcy;12/04/2012;M;Hamster
179;Rawley;1/14/2019;M;Cat
180;Johny;6/10/2013;M;Hamster
181;Elisha;2/03/2005;M;Hamster
182;Jojo;11/18/2014;F;Cat
183;Sharity;6/07/2017;F;Cat
184;Alexandrina;1/15/2013;F;Cat
185;Dee;11/25/2007;F;Cat
186;Jobina;10/12/2006;F;Ferret
187;Gertrude;3/27/2002;F;Bird
188;Nevins;12/04/2002;M;Cat
189;Layne;2/18/2015;F;Bird
190;Garwood;5/23/2001;M;Dog
191;Lucky;11/19/2007;F;Dog
192;Elinore;1/25/2019;F;Bird
193;Noami;10/13/2005;F;Ferret
194;Ozzie;7/12/2003;M;Ferret
195;Norah;12/30/2002;F;Cat
196;Eben;12/29/2005;M;Cat
197;Chance;5/17/2018;M;Hamster
198;Hershel;4/02/2005;M;Bird
199;Cesar;5/26/2014;M;Bird
200;Eugenie;9/26/2011;F;Hamster
201;Sidoney;12/15/2005;F;Dog
202;Shalna;6/05/2003;F;Bird
203;Marcelline;11/06/2015;F;Bird
204;Sawyer;5/31/2018;M;Cat
205;Rosabella;11/13/2001;F;Cat
206;Pennie;11/06/2004;M;Hamster
207;Marlon;9/05/2016;M;Hamster
208;Sara;1/27/2013;F;Hamster
209;Kristoforo;6/26/2009;M;Bird
210;Gwenneth;7/02/2004;F;Hamster
211;Abbott;8/28/2009;M;Cat
212;Harley;4/25/2006;M;Bird
213;Derwin;4/09/2010;M;Cat
214;Gerik;3/19/2005;M;Hamster
215;Wilie;7/07/2006;F;Ferret
216;Brittni;3/26/2017;F;Dog
217;Rockwell;3/29/2002;M;Bird
218;Cayla;12/16/2011;F;Ferret
219;Trix;2/12/2011;F;Ferret
220;Nessie;1/24/2019;F;Dog
221;Maxwell;12/17/2006;M;Cat
222;Wilmar;4/25/2013;M;Ferret
223;Isador;2/14/2003;M;Cat
224;Bayard;1/08/2004;M;Hamster
225;Annora;9/14/2004;F;Cat
226;Joscelin;7/11/2013;F;Cat
227;Saunderson;12/16/2015;M;Cat
228;Isidore;12/24/2007;M;Cat
229;Hansiain;3/31/2015;M;Cat
230;Natalina;1/14/2011;F;Ferret
231;Carole;7/17/2017;F;Cat
232;Lucita;1/18/2010;F;Ferret
233;Trey;4/28/2016;M;Dog
234;Austin;8/16/2015;M;Cat
235;Dalia;11/10/2008;F;Dog
236;Kristofer;3/13/2008;M;Hamster
237;Arte;5/25/2016;M;Hamster
238;Chrotoem;8/27/2017;M;Bird
239;Trenton;1/21/2010;M;Dog
240;Maryrose;12/27/2009;F;Ferret
241;Berke;10/09/2004;M;Cat
242;Waylon;3/22/2014;M;Hamster
243;Marylinda;4/24/2014;F;Cat
244;Othello;3/04/2001;M;Cat
245;Dianne;3/26/2002;F;Hamster
246;Bronnie;7/16/2010;M;Hamster
247;Mariana;8/24/2004;F;Dog
248;Judith;5/05/2015;F;Ferret
249;Wilek;7/23/2012;M;Ferret
250;Carson;1/13/2015;M;Hamster
251;Adelind;8/25/2007;F;Bird
252;Walsh;7/29/2019;M;Dog
253;Omero;8/09/2016;M;Cat
254;Kingsly;7/10/2005;M;Dog
255;Gardener;3/03/2004;M;Cat
256;Frazer;9/23/2008;M;Dog
257;Sheelagh;4/26/2005;F;Bird
258;Lamond;9/22/2008;M;Dog
259;Charles;11/11/2013;M;Dog
260;Elwira;1/08/2007;F;Ferret
261;Sidney;4/12/2002;M;Cat
262;Debbie;10/26/2008;F;Dog
263;Jasper;5/30/2014;M;Bird
264;Cindy;4/03/2014;F;Bird
265;Shirlee;7/06/2004;F;Ferret
266;Ingrid;9/02/2016;F;Dog
267;Tatiana;7/09/2012;F;Hamster
268;Ikey;6/03/2014;M;Hamster
269;Bastien;6/10/2015;M;Hamster
270;Ingra;4/22/2008;M;Dog
271;Cristionna;5/21/2016;F;Ferret
272;Jasper;4/07/2007;M;Cat
273;Elizabeth;4/16/2008;F;Bird
274;Suzi;1/28/2001;F;Dog
275;Iris;9/09/2013;F;Dog
276;Paulina;11/12/2006;F;Bird
277;Tiff;10/04/2006;F;Cat
278;Amil;4/16/2007;F;Hamster
279;Gunilla;3/05/2012;F;Ferret
280;Erwin;9/27/2003;M;Hamster
281;Valida;4/15/2014;F;Dog
282;Ev;1/21/2019;M;Cat
283;Mayer;5/28/2006;M;Dog
284;Evanne;11/21/2004;F;Ferret
285;Butch;1/04/2005;M;Bird
286;Brenda;4/11/2010;F;Ferret
287;Ferdinanda;10/20/2001;F;Cat
288;Shelia;11/06/2010;F;Dog
289;Solomon;2/24/2006;M;Bird
290;Greg;6/04/2014;M;Hamster
291;Tamera;8/22/2009;F;Cat
292;Anastasia;9/10/2017;F;Cat
293;Benita;8/26/2006;F;Ferret
294;Alvy;1/12/2013;M;Dog
295;Dallas;2/02/2003;M;Dog
296;Caria;12/13/2018;F;Ferret
297;Corrine;12/11/2011;F;Bird
298;Olympia;9/27/2007;F;Bird
299;Meier;7/07/2019;M;Cat
300;Brendin;2/09/2010;M;Hamster
301;Gene;10/18/2007;F;Cat
302;Bibbye;5/22/2010;F;Hamster
303;Urbano;2/08/2015;M;Hamster
304;Seumas;3/02/2015;M;Hamster
305;Ewan;7/09/2001;M;Dog
306;Burty;10/01/2013;M;Bird
307;Cate;1/21/2003;F;Ferret
308;Matthus;1/13/2006;M;Bird
309;Dylan;10/17/2009;M;Bird
310;Tadeas;8/28/2002;M;Hamster
311;Galen;4/15/2016;M;Dog
312;Sheba;5/13/2014;F;Dog
313;Hamid;7/08/2008;M;Bird
314;Pierette;5/10/2007;F;Cat
315;Basil;3/25/2007;M;Dog
316;Colline;3/04/2001;F;Hamster
317;Shelba;5/25/2009;F;Dog
318;Gunner;10/25/2001;M;Ferret
319;Glen;4/12/2001;M;Hamster
320;Zack;9/22/2008;M;Hamster
321;Kathye;3/18/2018;F;Dog
322;Alexis;10/13/2015;M;Cat
323;Kristoffer;2/14/2014;M;Cat
324;Garik;8/09/2008;M;Cat
325;Eldin;2/24/2004;M;Cat
326;Valeria;5/31/2008;F;Cat
327;Vachel;4/30/2012;M;Hamster
328;Jamie;12/28/2011;M;Bird
329;Dmitri;10/05/2012;M;Hamster
330;Port;8/05/2001;M;Ferret
331;Tiertza;2/22/2003;F;Hamster
332;Allyn;11/28/2006;M;Bird
333;Donovan;4/05/2006;M;Cat
334;Marie;2/14/2017;F;Ferret
335;Sydel;4/15/2018;F;Cat
336;Francine;7/09/2008;F;Bird
337;Anderson;1/12/2009;M;Bird
338;Ada;5/22/2008;F;Cat
339;Oralla;12/24/2015;F;Hamster
340;Artie;7/08/2013;M;Ferret
341;Karissa;11/18/2008;F;Ferret
342;Laure;7/05/2009;F;Ferret
343;Gerhardine;4/06/2004;F;Hamster
344;Vitoria;8/13/2002;F;Bird
345;Tandie;12/13/2002;F;Bird
346;Juliann;3/21/2015;F;Cat
347;Mead;7/31/2007;F;Bird
348;Ulrick;12/24/2004;M;Bird
349;Gilberto;3/02/2009;M;Bird
350;Katerine;6/21/2003;F;Hamster
351;Sylvan;7/06/2001;M;Ferret
352;Leona;8/16/2004;F;Dog
353;El;2/20/2002;M;Hamster
354;Jayne;12/28/2007;F;Ferret
355;Amber;4/27/2012;F;Bird
356;Drucie;5/11/2011;F;Hamster
357;Kaitlynn;10/08/2018;F;Cat
358;Claudio;6/21/2003;M;Dog
359;Berri;8/05/2015;F;Bird
360;Sydelle;11/12/2001;F;Ferret
361;Dannie;4/05/2018;M;Cat
362;Nate;6/28/2018;M;Dog
363;Merwin;12/22/2006;M;Dog
364;Hayley;9/29/2014;F;Bird
365;Alard;4/10/2014;M;Cat
366;Husain;9/10/2018;M;Hamster
367;Cornela;12/10/2009;F;Hamster
368;Annissa;4/24/2004;F;Hamster
369;Dre;7/05/2003;F;Cat
370;Alaric;6/05/2015;M;Ferret
371;Fields;5/04/2018;M;Dog
372;Guthrie;5/25/2003;M;Cat
373;Sharity;4/12/2001;F;Bird
374;Ernesta;6/14/2010;F;Bird
375;Drake;5/09/2005;M;Hamster
376;Novelia;11/20/2009;F;Ferret
377;Clareta;10/09/2015;F;Ferret
378;Georgeanne;8/17/2017;F;Cat
379;Hubie;5/06/2006;M;Bird
380;Saxe;6/16/2018;M;Bird
381;Timothea;10/18/2008;F;Dog
382;Beauregard;7/14/2011;M;Ferret
383;Deirdre;4/11/2009;F;Bird
384;Remus;9/23/2013;M;Cat
385;Samara;8/04/2008;F;Hamster
386;Lutero;2/05/2004;M;Bird
387;Jessalyn;9/16/2012;F;Hamster
388;Maurine;7/04/2014;F;Bird
389;Bambie;6/23/2015;F;Ferret
390;Ferrel;3/27/2008;M;Cat
391;Aviva;8/27/2005;F;Hamster
392;Ardyth;1/05/2010;F;Bird
393;Christen;1/20/2012;F;Hamster
394;Gibb;11/27/2007;M;Cat
395;Graig;5/25/2002;M;Dog
396;Marlene;10/01/2000;F;Bird
397;Georgianne;9/21/2012;F;Cat
398;Ardra;3/15/2019;F;Dog
399;Raimund;7/10/2015;M;Bird
400;Cathi;9/25/2016;F;Bird
401;Nowell;11/04/2018;M;Cat
402;Jarib;5/03/2001;M;Bird
403;Elspeth;5/11/2008;F;Cat
404;Cam;6/23/2014;M;Hamster
405;Farley;6/30/2018;M;Cat
406;Wyatan;3/16/2015;M;Bird
407;Filmer;12/03/2016;M;Cat
408;Marleen;12/20/2015;F;Hamster
409;Marina;6/12/2003;F;Dog
410;Tomlin;6/09/2001;M;Cat
411;Bernadina;2/11/2017;F;Dog
412;Stace;5/21/2015;F;Bird
413;Luther;1/07/2005;M;Hamster
414;Sharleen;3/22/2002;F;Cat
415;Silvano;3/08/2018;M;Hamster
416;Charlton;6/15/2014;M;Dog
417;Margette;9/15/2016;F;Ferret
418;Miranda;5/07/2001;F;Bird
419;Samantha;10/01/2013;F;Bird
420;Red;5/14/2018;M;Bird
421;Dede;8/16/2013;F;Cat
422;Christopher;1/09/2004;M;Bird
423;Corty;2/02/2014;M;Cat
424;Deane;12/24/2014;F;Hamster
425;Emmaline;10/14/2009;F;Hamster
426;Abbe;9/15/2006;M;Bird
427;Aarika;11/06/2015;F;Dog
428;Lissi;8/06/2011;F;Bird
429;Findlay;5/14/2016;M;Dog
430;Kelila;4/30/2003;F;Ferret
431;Burch;8/02/2006;M;Cat
432;Hamid;2/11/2018;M;Hamster
433;Delilah;9/29/2017;F;Dog
434;Britteny;3/14/2012;F;Ferret
435;Florry;9/04/2003;F;Dog
436;Savina;11/08/2012;F;Dog
437;Holli;12/15/2017;F;Cat
438;Brod;10/18/2012;M;Hamster
439;Fernande;12/27/2009;F;Ferret
440;Cchaddie;5/27/2002;M;Ferret
441;Tressa;6/13/2005;F;Dog
442;Delmore;2/02/2001;M;Dog
443;Aeriell;1/19/2012;F;Cat
444;Goddard;3/05/2017;M;Bird
445;Desiree;5/21/2013;F;Cat
446;Deirdre;3/03/2008;F;Cat
447;Nicoline;7/24/2004;F;Bird
448;Moreen;7/06/2009;F;Cat
449;Greta;5/21/2012;F;Dog
450;Fern;4/25/2006;F;Dog
451;Marie-jeanne;8/31/2019;F;Ferret
452;Sada;1/23/2005;F;Ferret
453;Garnette;10/26/2016;F;Bird
454;Cicely;2/16/2017;F;Ferret
455;Amory;10/01/2012;M;Dog
456;Collie;2/09/2019;F;Bird
457;Cointon;9/04/2017;M;Hamster
458;Clemmie;2/29/2008;F;Bird
459;Virgilio;10/11/2006;M;Hamster
460;Suellen;2/16/2019;F;Ferret
461;Tasha;12/03/2000;F;Dog
462;Royal;5/24/2001;M;Cat
463;Ricoriki;2/09/2010;M;Hamster
464;Tallia;9/04/2013;F;Cat
465;Connie;1/04/2008;M;Dog
466;Derrek;7/28/2015;M;Hamster
467;Shermie;11/24/2017;M;Bird
468;Waylan;4/28/2016;M;Dog
469;Vannie;12/14/2000;F;Hamster
470;Sol;6/03/2008;M;Ferret
471;Matt;1/14/2006;M;Bird
472;Rasia;4/01/2009;F;Ferret
473;Alexa;3/09/2012;F;Bird
474;Abner;2/12/2010;M;Dog
475;Row;10/01/2010;F;Dog
476;Brandice;12/22/2006;F;Bird
477;Torey;6/29/2009;F;Hamster
478;Jacki;1/23/2018;F;Ferret
479;Arther;2/20/2003;M;Ferret
480;Mitchel;2/15/2007;M;Cat
481;Rhea;5/12/2017;F;Hamster
482;Donavon;7/24/2015;M;Dog
483;Silvain;12/03/2008;M;Hamster
484;Morgun;12/21/2006;M;Dog
485;Hector;8/15/2001;M;Hamster
486;Lizette;11/24/2013;F;Ferret
487;Alexandros;7/16/2001;M;Bird
488;Saleem;10/08/2007;M;Cat
489;Bonnie;7/11/2018;F;Dog
490;Guendolen;2/27/2005;F;Dog
491;Odell;9/21/2007;M;Bird
492;Dalt;12/05/2010;M;Cat
493;Talya;11/26/2000;F;Bird
494;Daron;10/27/2011;M;Hamster
495;Arri;12/31/2008;M;Hamster
496;Kirsten;7/15/2005;F;Dog
497;Fonz;2/10/2013;M;Cat
498;Bendick;7/15/2016;M;Ferret
499;Titos;11/15/2012;M;Dog
500;Jory;6/05/2016;M;Cat
501;Tess;1/30/2007;F;Cat
502;Hewe;11/01/2011;M;Bird
503;Reinwald;4/17/2003;M;Ferret
504;Lacey;8/18/2011;F;Hamster
505;Graham;5/09/2007;M;Dog
506;Ransom;5/27/2019;M;Ferret
507;Tamarah;3/10/2019;F;Hamster
508;Valry;7/06/2005;F;Ferret
509;Evvy;6/06/2016;F;Cat
510;Porter;10/19/2000;M;Ferret
511;Benedetto;2/01/2004;M;Bird
512;Annora;3/08/2016;F;Bird
513;Keene;8/11/2014;M;Dog
514;Andrey;3/02/2004;M;Dog
515;Marcello;8/22/2005;M;Cat
516;Ginni;4/20/2005;F;Bird
517;Kris;9/15/2002;F;Hamster
518;Kelwin;5/27/2017;M;Cat
519;Trix;9/24/2005;F;Bird
520;Kory;5/31/2018;M;Cat
521;Cathe;4/15/2009;F;Hamster
522;Ethelda;6/01/2016;F;Hamster
523;Desmond;10/18/2007;M;Bird
524;Othilie;1/26/2015;F;Bird
525;Thacher;6/20/2011;M;Bird
526;Peirce;8/20/2001;M;Cat
527;Tom;8/26/2006;M;Ferret
528;Lotta;8/21/2010;F;Cat
529;Den;3/17/2017;M;Ferret
530;Lavinia;7/28/2002;F;Hamster
531;Sophi;10/30/2014;F;Dog
532;Marcus;1/13/2013;M;Ferret
533;Gertrude;12/29/2000;F;Dog
534;Ned;6/14/2013;M;Dog
535;Toiboid;2/06/2014;M;Ferret
536;Ayn;9/21/2002;F;Dog
537;Dannel;4/16/2004;M;Dog
538;Mimi;10/28/2005;F;Cat
539;Catharina;6/18/2002;F;Dog
540;Klaus;8/08/2007;M;Bird
541;Barnard;12/18/2006;M;Cat
542;Ame;3/11/2009;F;Dog
543;Estevan;6/20/2014;M;Dog
544;Rodney;1/07/2004;M;Dog
545;Arney;1/06/2014;M;Bird
546;Chauncey;5/21/2001;M;Hamster
547;Etty;10/09/2004;F;Ferret
548;Kaine;7/26/2018;M;Cat
549;Ronica;10/26/2008;F;Dog
550;Mathilde;11/08/2008;F;Bird
551;Danny;5/05/2001;M;Bird
552;Prinz;2/03/2014;M;Hamster
553;Gabriel;10/19/2015;M;Hamster
554;Julie;9/16/2003;F;Ferret
555;Lydia;6/14/2015;F;Cat
556;Beverley;5/25/2016;F;Cat
557;Blane;8/26/2015;M;Bird
558;Darren;2/18/2009;M;Cat
559;John;3/21/2008;M;Hamster
560;Brinna;12/12/2010;F;Cat
561;Gerick;4/16/2013;M;Dog
562;Alicea;1/03/2016;F;Bird
563;Nessy;8/13/2008;F;Bird
564;Gisella;10/04/2007;F;Hamster
565;Barnabe;4/26/2005;M;Hamster
566;Renado;7/27/2011;M;Cat
567;Lindy;10/03/2007;M;Cat
568;Duke;5/08/2002;M;Cat
569;Asa;3/10/2015;M;Bird
570;Laurence;2/28/2009;M;Hamster
571;Maxy;2/23/2007;M;Cat
572;Theodore;10/30/2017;M;Ferret
573;Vito;5/07/2013;M;Cat
574;Cy;3/12/2019;M;Bird
575;Georgena;1/01/2002;F;Bird
576;Padraic;10/01/2009;M;Bird
577;Laurens;6/11/2007;M;Cat
578;Duncan;10/26/2006;M;Bird
579;Sibilla;8/21/2014;F;Ferret
580;Trstram;1/25/2015;M;Cat
581;Florencia;8/07/2014;F;Hamster
582;Thibaud;11/15/2001;M;Ferret
583;Devonne;9/26/2000;F;Dog
584;Vicky;8/17/2015;F;Hamster
585;Sybilla;1/11/2014;F;Bird
586;Bryant;4/02/2007;M;Hamster
587;Benito;12/06/2010;M;Cat
588;Jarvis;8/18/2018;M;Cat
589;Melinde;1/01/2008;F;Ferret
590;Duke;2/11/2008;M;Hamster
591;Aubert;5/07/2017;M;Ferret
592;Susi;3/02/2016;F;Cat
593;Vergil;2/26/2017;M;Bird
594;Helaine;1/26/2016;F;Dog
595;Margaret;11/27/2016;F;Dog
596;Woodman;6/28/2004;M;Ferret
597;Lottie;9/18/2002;F;Ferret
598;Aindrea;11/13/2006;F;Bird
599;Cordy;6/25/2007;M;Dog
600;Brnaby;12/26/2017;M;Cat
601;Bobbie;6/01/2004;M;Bird
602;Noelani;6/28/2018;F;Hamster
603;Kevin;10/14/2000;M;Cat
604;Doroteya;3/11/2013;F;Dog
605;Tedmund;6/13/2001;M;Dog
606;Marcie;8/11/2011;F;Dog
607;Felicio;3/17/2008;M;Dog
608;Alfonso;5/06/2011;M;Hamster
609;Dene;6/07/2009;M;Cat
610;Lauree;3/29/2014;F;Cat
611;Kristi;7/02/2006;F;Cat
612;Vyky;9/22/2008;F;Ferret
613;Jocelin;8/07/2015;F;Dog
614;Olenka;3/01/2014;F;Cat
615;Louise;4/25/2011;F;Ferret
616;Judye;2/22/2003;F;Hamster
617;Wylie;7/02/2006;M;Ferret
618;Valery;2/23/2008;F;Bird
619;Lucas;1/22/2016;M;Hamster
620;Fernande;9/18/2008;F;Hamster
621;Dalenna;2/23/2019;F;Ferret
622;Patsy;4/03/2001;M;Cat
623;Stella;11/16/2003;F;Dog
624;Carmelia;6/25/2018;F;Cat
625;Ashli;3/13/2016;F;Bird
626;Delly;5/12/2017;F;Hamster
627;Whitby;4/16/2001;M;Hamster
628;Yolande;10/13/2004;F;Hamster
629;Harper;6/13/2006;M;Dog
630;Tomaso;12/24/2001;M;Hamster
631;Virgil;3/07/2001;M;Cat
632;Arleen;8/08/2004;F;Cat
633;Bernette;7/23/2001;F;Bird
634;Bondy;5/11/2007;M;Bird
635;Martelle;6/08/2018;F;Ferret
636;Ryon;1/30/2012;M;Dog
637;Jordon;5/27/2001;M;Dog
638;Adler;2/26/2001;M;Ferret
639;Hunter;12/17/2009;M;Bird
640;Darrick;6/22/2008;M;Hamster
641;Shaine;2/01/2019;F;Hamster
642;Vasilis;5/07/2006;M;Ferret
643;Zara;1/16/2005;F;Cat
644;Gery;3/24/2014;M;Ferret
645;Saidee;1/28/2012;F;Ferret
646;Dicky;12/28/2012;M;Ferret
647;Dede;11/06/2007;F;Dog
648;Lorin;3/17/2017;M;Dog
649;Pepi;11/19/2017;F;Dog
650;Ulric;12/01/2010;M;Bird
651;Alicia;6/12/2010;F;Cat
652;Sigrid;2/26/2017;F;Ferret
653;Ronica;8/20/2002;F;Dog
654;Colene;10/03/2010;F;Hamster
655;Rozelle;4/20/2007;F;Cat
656;Taddeo;3/17/2006;M;Ferret
657;Conn;2/22/2004;M;Ferret
658;Collette;5/23/2001;F;Bird
659;Nicoli;4/19/2014;F;Hamster
660;Simonette;9/24/2004;F;Ferret
661;Rivy;6/01/2005;F;Ferret
662;Diarmid;2/18/2004;M;Bird
663;Giorgia;9/01/2010;F;Hamster
664;Imogene;10/19/2012;F;Cat
665;Esme;5/01/2018;M;Cat
666;Shandra;2/03/2007;F;Bird
667;Eamon;10/09/2000;M;Hamster
668;Giacinta;9/12/2018;F;Ferret
669;Kathi;5/23/2010;F;Dog
670;Blakelee;2/20/2013;F;Cat
671;Orren;5/21/2010;M;Dog
672;Henrie;5/03/2012;F;Hamster
673;Courtenay;9/09/2004;F;Hamster
674;Redd;2/26/2006;M;Hamster
675;Mimi;9/05/2013;F;Bird
676;Morgun;8/16/2011;M;Dog
677;Emelda;5/11/2008;F;Bird
678;Niki;3/31/2010;M;Bird
679;Arleta;1/11/2005;F;Hamster
680;Patric;1/27/2018;M;Bird
681;Charisse;10/28/2002;F;Ferret
682;Richie;2/01/2007;M;Dog
683;Leigh;3/13/2014;M;Hamster
684;Kellia;7/06/2005;F;Bird
685;Merla;11/14/2001;F;Cat
686;Marysa;10/26/2008;F;Cat
687;Oliy;4/26/2018;F;Dog
688;Franchot;5/03/2010;M;Ferret
689;Emory;4/08/2006;M;Dog
690;Pietra;2/11/2010;F;Cat
691;Berky;6/22/2002;M;Dog
692;Moss;12/19/2009;M;Bird
693;Hervey;3/29/2004;M;Dog
694;Davie;11/10/2016;M;Bird
695;Kellie;8/23/2017;F;Ferret
696;Nollie;10/12/2010;F;Hamster
697;Pia;12/12/2003;F;Hamster
698;Tarra;7/23/2018;F;Hamster
699;Powell;10/04/2002;M;Ferret
700;Teodora;2/18/2011;F;Hamster
701;Sumner;2/22/2009;M;Ferret
702;Hamlin;11/18/2012;M;Hamster
703;Humfried;4/26/2008;M;Hamster
704;Mattheus;9/23/2000;M;Cat
705;Joel;2/07/2011;M;Ferret
706;Ode;9/10/2010;M;Dog
707;Bartie;10/08/2004;M;Hamster
708;Aggy;7/06/2011;F;Hamster
709;Westbrook;3/03/2015;M;Dog
710;Bil;2/06/2007;M;Bird
711;Finley;6/04/2011;M;Cat
712;Micheline;1/24/2017;F;Hamster
713;Caryn;1/17/2012;F;Cat
714;Byrle;3/30/2008;M;Hamster
715;Brandice;9/08/2012;F;Ferret
716;Franz;6/27/2013;M;Cat
717;Gregorius;12/07/2005;M;Cat
718;Win;11/17/2009;M;Dog
719;Odella;12/30/2004;F;Bird
720;Franciska;9/02/2003;F;Bird
721;Sergent;11/21/2018;M;Ferret
722;Zelma;8/31/2003;F;Dog
723;Ulla;2/23/2007;F;Hamster
724;Calypso;2/03/2002;F;Cat
725;Simonne;10/18/2009;F;Ferret
726;Hester;12/13/2004;F;Hamster
727;Barbaraanne;12/04/2004;F;Dog
728;Katuscha;8/05/2004;F;Ferret
729;Aleen;1/24/2014;F;Dog
730;Whitaker;1/04/2015;M;Cat
731;Bab;3/24/2017;F;Hamster
732;Latia;5/06/2001;F;Hamster
733;Cindee;9/03/2015;F;Hamster
734;Garland;4/03/2019;F;Dog
735;Marcello;11/23/2001;M;Dog
736;Arlette;7/16/2014;F;Dog
737;Adriane;3/19/2001;F;Dog
738;Hilliary;9/15/2008;F;Dog
739;Gunilla;4/30/2005;F;Cat
740;Garrard;6/06/2017;M;Cat
741;Sally;7/18/2005;F;Cat
742;Aguste;1/16/2016;M;Hamster
743;Millie;1/24/2006;F;Dog
744;Jefferey;1/12/2014;M;Hamster
745;Merrill;12/14/2002;M;Cat
746;Raimund;8/14/2001;M;Bird
747;Gallagher;2/24/2009;M;Cat
748;Ive;10/07/2004;M;Bird
749;Arney;12/17/2003;M;Bird
750;Tiffie;9/16/2017;F;Ferret
751;Anetta;3/20/2018;F;Cat
752;Svend;1/03/2016;M;Hamster
753;Harlen;12/27/2017;M;Hamster
754;Stevana;6/13/2007;F;Dog
755;Diahann;1/21/2014;F;Dog
756;Englebert;6/28/2002;M;Cat
757;Gibby;3/09/2004;M;Ferret
758;Bondy;11/05/2015;M;Cat
759;Clemence;10/02/2015;F;Cat
760;Kerianne;1/22/2004;F;Bird
761;Saxon;8/23/2017;M;Cat
762;Saree;10/31/2015;F;Hamster
763;Honor;9/12/2007;F;Cat
764;Sada;9/26/2000;F;Hamster
765;Bryna;7/18/2001;F;Cat
766;Adair;11/12/2009;M;Ferret
767;Lorene;4/01/2010;F;Ferret
768;Merv;11/17/2017;M;Bird
769;Karena;9/25/2011;F;Dog
770;Abbi;5/02/2017;F;Bird
771;Godard;3/11/2016;M;Hamster
772;Cirilo;5/12/2006;M;Dog
773;Isaac;6/05/2006;M;Bird
774;Karlyn;4/24/2016;F;Cat
775;Enrique;10/13/2006;M;Cat
776;Bard;2/14/2008;M;Ferret
777;Lexie;4/11/2007;F;Ferret
778;Delano;11/08/2002;M;Cat
779;Christy;1/04/2004;M;Bird
780;Angil;3/09/2010;F;Ferret
781;Benedicta;2/24/2017;F;Ferret
782;Meade;11/22/2006;M;Cat
783;Deeann;7/21/2004;F;Cat
784;Ruperta;2/24/2015;F;Dog
785;Wilton;9/02/2017;M;Bird
786;Analiese;2/08/2013;F;Ferret
787;Wanids;8/13/2007;F;Cat
788;Les;5/23/2005;M;Bird
789;Brunhilde;10/13/2009;F;Cat
790;Jacqueline;12/23/2005;F;Ferret
791;Wash;9/04/2016;M;Bird
792;Violette;2/11/2014;F;Cat
793;Vasily;7/21/2012;M;Dog
794;Melamie;2/02/2016;F;Cat
795;Jamil;9/10/2009;M;Ferret
796;Katy;1/03/2018;F;Bird
797;Mathe;1/08/2018;M;Hamster
798;Blanch;4/02/2005;F;Cat
799;Bevon;3/12/2002;M;Dog
800;Demetris;3/05/2015;F;Ferret
801;Almeria;2/02/2008;F;Cat
802;Lewes;5/05/2009;M;Ferret
803;Chelsy;3/07/2004;F;Ferret
804;Pauli;7/03/2018;F;Hamster
805;Jacintha;7/05/2014;F;Hamster
806;Arel;2/23/2008;M;Ferret
807;Oran;10/17/2007;M;Cat
808;Alix;12/07/2017;F;Ferret
809;Dani;10/17/2006;F;Cat
810;Sophronia;4/16/2009;F;Cat
811;Kip;9/23/2003;M;Hamster
812;Leone;5/01/2015;F;Ferret
813;Rodger;3/18/2009;M;Ferret
814;Lyndsay;9/20/2012;F;Bird
815;Lavena;6/26/2003;F;Dog
816;Patience;7/01/2005;F;Bird
817;Denys;4/21/2016;M;Bird
818;Laurette;12/15/2008;F;Dog
819;Kiersten;8/28/2016;F;Bird
820;Wendye;8/08/2002;F;Dog
821;Rozina;8/02/2016;F;Hamster
822;Aurlie;5/15/2007;F;Ferret
823;Packston;7/03/2005;M;Hamster
824;Claybourne;7/11/2008;M;Cat
825;Alister;4/16/2010;M;Dog
826;Elsey;9/21/2000;F;Ferret
827;Augie;4/25/2014;M;Bird
828;Clarisse;1/29/2006;F;Bird
829;Aleksandr;4/04/2013;M;Dog
830;Der;11/17/2005;M;Bird
831;Dana;10/03/2017;M;Hamster
832;Jennine;9/24/2005;F;Ferret
833;Brandy;12/31/2003;F;Dog
834;Zachary;4/18/2010;M;Bird
835;Leodora;7/31/2003;F;Dog
836;Bartlett;6/02/2001;M;Dog
837;Lindy;8/27/2003;F;Hamster
838;Neron;5/27/2006;M;Hamster
839;Leilah;7/20/2003;F;Ferret
840;Consuelo;1/13/2001;F;Bird
841;Evangelia;7/13/2014;F;Hamster
842;Suzy;9/04/2012;F;Ferret
843;Griffith;7/05/2019;M;Dog
844;Archambault;5/17/2018;M;Bird
845;Lyell;1/03/2016;M;Ferret
846;Elbert;1/02/2015;M;Cat
847;Nicolea;10/26/2017;F;Cat
848;Davey;12/10/2004;M;Dog
849;Leoline;9/10/2010;F;Bird
850;Beauregard;12/22/2011;M;Dog
851;Marty;3/06/2015;F;Ferret
852;Riki;11/07/2013;F;Bird
853;Christen;1/15/2012;F;Cat
854;Basile;6/27/2003;M;Bird
855;Thayne;11/18/2003;M;Hamster
856;Alejoa;10/01/2002;M;Hamster
857;Barny;11/29/2000;M;Dog
858;Mozelle;8/16/2012;F;Hamster
859;Chalmers;3/05/2018;M;Ferret
860;Royce;8/10/2014;M;Hamster
861;Bobbie;3/11/2004;M;Ferret
862;Todd;4/27/2012;M;Ferret
863;Marice;9/07/2016;F;Hamster
864;Roger;12/08/2001;M;Ferret
865;Berkley;5/09/2015;M;Hamster
866;Alia;11/21/2007;F;Bird
867;Boniface;12/30/2015;M;Bird
868;Morten;9/14/2015;M;Hamster
869;Lina;11/25/2010;F;Hamster
870;Fanchon;4/22/2008;F;Bird
871;Dora;6/13/2013;F;Bird
872;Adorne;1/19/2015;F;Hamster
873;Daniella;3/08/2017;F;Cat
874;Carita;12/21/2013;F;Ferret
875;Tally;11/09/2005;M;Dog
876;Douglass;6/17/2014;M;Hamster
877;Dael;6/26/2005;F;Dog
878;Abbye;4/12/2019;F;Bird
879;Thelma;11/08/2012;F;Hamster
880;Mathew;3/15/2019;M;Bird
881;Hew;11/08/2000;M;Hamster
882;Berti;6/26/2005;M;Ferret
883;Abby;3/05/2011;F;Cat
884;Farah;2/29/2008;F;Dog
885;Kelsey;6/04/2013;M;Cat
886;Martelle;12/21/2000;F;Ferret
887;Lillis;2/19/2014;F;Ferret
888;Skyler;8/01/2013;M;Bird
889;Conny;10/06/2014;M;Bird
890;Geralda;9/19/2006;F;Cat
891;Meyer;7/01/2003;M;Ferret
892;Griff;10/20/2004;M;Bird
893;Catharine;6/21/2014;F;Hamster
894;Benn;12/06/2012;M;Cat
895;Selina;10/19/2009;F;Hamster
896;Freeman;4/27/2014;M;Ferret
897;Astrid;5/28/2011;F;Hamster
898;Winnie;3/18/2011;M;Hamster
899;Yulma;8/08/2014;M;Dog
900;Petunia;10/19/2007;F;Cat
901;Addie;8/09/2011;M;Dog
902;Marlowe;7/25/2002;M;Dog
903;Verney;7/31/2003;M;Dog
904;Xymenes;1/24/2014;M;Cat
905;Arnoldo;3/21/2004;M;Hamster
906;Lorene;12/16/2002;F;Cat
907;Bondon;5/25/2014;M;Ferret
908;Marylinda;6/09/2014;F;Bird
909;Katrine;3/10/2009;F;Dog
910;Aluin;11/14/2000;M;Bird
911;Brendon;4/18/2012;M;Ferret
912;Flin;7/11/2012;M;Bird
913;Dilan;2/05/2002;M;Ferret
914;Tito;1/23/2008;M;Bird
915;Bancroft;9/13/2014;M;Dog
916;Zonnya;6/13/2018;F;Cat
917;Mair;5/03/2002;F;Cat
918;Bertine;3/27/2018;F;Hamster
919;Zilvia;6/09/2016;F;Hamster
920;Jenna;3/09/2002;F;Cat
921;Cindee;12/14/2018;F;Hamster
922;Zollie;2/01/2010;M;Hamster
923;Eldridge;7/23/2002;M;Dog
924;Monika;10/13/2002;F;Cat
925;Blake;6/25/2009;M;Hamster
926;Winnie;12/27/2001;M;Bird
927;Tanny;11/10/2008;M;Ferret
928;Joel;5/22/2009;M;Dog
929;Freddy;4/13/2015;M;Hamster
930;Riki;10/29/2010;F;Dog
931;Artemus;5/05/2001;M;Cat
932;Terence;9/14/2016;M;Cat
933;Sashenka;6/14/2011;F;Hamster
934;Kennie;11/23/2017;M;Bird
935;Steffie;3/01/2010;F;Dog
936;Nerta;12/31/2000;F;Dog
937;Ephraim;4/09/2006;M;Dog
938;Dwain;2/11/2015;M;Hamster
939;Olav;11/12/2002;M;Dog
940;Nichole;12/29/2009;M;Bird
941;Bear;8/01/2019;M;Bird
942;Ulrick;10/21/2004;M;Dog
943;Mal;1/28/2016;M;Bird
944;Ronnie;3/22/2004;M;Dog
945;Cale;7/19/2018;M;Ferret
946;Wilden;6/11/2015;M;Cat
947;Barr;4/06/2013;M;Hamster
948;Hally;4/12/2004;F;Hamster
949;Foss;6/30/2012;M;Dog
950;Barbey;7/21/2002;F;Dog
951;Josephine;12/01/2011;F;Bird
952;Hasheem;7/09/2006;M;Cat
953;Maegan;11/24/2017;F;Cat
954;Evelina;7/25/2011;F;Cat
955;Gerry;3/17/2008;M;Cat
956;Clarissa;10/24/2013;F;Cat
957;Christalle;5/10/2016;F;Ferret
958;Jone;9/18/2004;M;Dog
959;Gardie;2/14/2008;M;Cat
960;Flynn;8/02/2003;M;Hamster
961;Fritz;3/28/2018;M;Cat
962;Chelsie;6/01/2009;F;Bird
963;Elisha;4/27/2011;M;Dog
964;Julienne;10/25/2015;F;Cat
965;Oates;5/24/2011;M;Cat
966;Prue;10/01/2014;F;Bird
967;Tandy;2/21/2013;F;Ferret
968;Sancho;10/29/2011;M;Hamster
969;Gabriell;4/30/2006;F;Dog
970;Grange;8/22/2013;M;Hamster
971;Quincy;11/01/2006;M;Ferret
972;Martelle;4/25/2016;F;Dog
973;Sophronia;2/07/2002;F;Ferret
974;Nikola;12/10/2004;M;Cat
975;Ellwood;5/08/2002;M;Cat
976;Steve;4/08/2014;M;Cat
977;Cyrus;1/19/2009;M;Dog
978;Angelina;8/08/2005;F;Dog
979;Mal;4/08/2014;M;Cat
980;Zilvia;12/13/2011;F;Bird
981;Lura;4/14/2003;F;Ferret
982;Melisandra;7/04/2003;F;Cat
983;Thom;5/14/2016;M;Cat
984;Dill;8/04/2007;M;Hamster
985;Kathryn;3/11/2003;F;Ferret
986;Ruprecht;8/11/2007;M;Hamster
987;Lazaro;7/09/2018;M;Dog
988;Ham;10/30/2004;M;Hamster
989;Mauricio;2/23/2018;M;Dog
990;Kamila;9/05/2017;F;Dog
991;Heinrik;2/05/2013;M;Cat
992;Alphard;8/06/2004;M;Hamster
993;Nathanil;11/18/2000;M;Ferret
994;Yorgos;2/26/2003;M;Cat
995;Josefa;7/29/2013;F;Ferret
996;Jackie;3/09/2019;F;Cat
997;Harlin;1/22/2006;M;Dog
998;Rowan;3/04/2008;M;Bird
999;Mozes;10/17/2002;M;Dog
1000;Kipp;11/21/2011;F;Bird